{
    "accuracy": 0.687710843373494,
    "precision": 0.7702503681885126,
    "recall": 0.5152709359605911
}
