{
    "accuracy": 0.6946050096339114,
    "precision": 0.7823529411764706,
    "recall": 0.5225933202357563
}
