{
    "accuracy": 0.6955684007707129,
    "precision": 0.782991202346041,
    "recall": 0.5245579567779961
}
