step	recall
0	0.5152709359605911
0	0.5152709359605911
