step	recall
0	0.5225933202357563
0	0.5225933202357563
