step	recall
0	0.5245579567779961
0	0.5245579567779961
